{"stats":{"minecraft:dropped":{"minecraft:rotten_flesh":6},"minecraft:used":{"minecraft:rotten_flesh":2,"minecraft:sand":14,"minecraft:tnt":1,"minecraft:lime_bed":1,"minecraft:bread":4},"minecraft:custom":{"minecraft:time_since_rest":2080,"minecraft:open_chest":6,"minecraft:crouch_one_cm":169,"minecraft:play_time":9735,"minecraft:sprint_one_cm":39525,"minecraft:damage_taken":170,"minecraft:walk_one_cm":13556,"minecraft:sneak_time":97,"minecraft:drop":6,"minecraft:jump":293,"minecraft:leave_game":6,"minecraft:time_since_death":9735,"minecraft:sleep_in_bed":2,"minecraft:total_world_time":9735,"minecraft:interact_with_crafting_table":1,"minecraft:fall_one_cm":11867,"minecraft:fly_one_cm":68342},"minecraft:picked_up":{"minecraft:lime_bed":2,"minecraft:tnt":10,"minecraft:wheat":2,"minecraft:wheat_seeds":7,"minecraft:hay_block":14,"minecraft:sand":2,"minecraft:sugar_cane":21},"minecraft:mined":{"minecraft:hay_block":14,"minecraft:lime_bed":2,"minecraft:sand":6,"minecraft:wheat":3,"minecraft:sugar_cane":10,"minecraft:tnt":10}},"DataVersion":3105}