{"stats":{"minecraft:used":{"minecraft:rotten_flesh":4,"minecraft:sand":7,"minecraft:green_bed":1},"minecraft:crafted":{"minecraft:oak_planks":24,"minecraft:crafting_table":1,"minecraft:stick":12},"minecraft:custom":{"minecraft:time_since_rest":3168,"minecraft:crouch_one_cm":42,"minecraft:sprint_one_cm":77006,"minecraft:play_time":11355,"minecraft:damage_taken":90,"minecraft:walk_one_cm":21872,"minecraft:bell_ring":2,"minecraft:sneak_time":47,"minecraft:jump":202,"minecraft:interact_with_blast_furnace":1,"minecraft:leave_game":2,"minecraft:time_since_death":11355,"minecraft:sleep_in_bed":1,"minecraft:total_world_time":11355,"minecraft:fly_one_cm":32204,"minecraft:interact_with_cartography_table":1,"minecraft:fall_one_cm":4584},"minecraft:picked_up":{"minecraft:rotten_flesh":6,"minecraft:green_bed":2,"minecraft:sand":7,"minecraft:oak_log":8,"minecraft:rabbit":1},"minecraft:mined":{"minecraft:oak_log":8,"minecraft:sand":7,"minecraft:green_bed":2}},"DataVersion":3105}